﻿<?xml version="1.0" encoding="utf-8"?>
<epcis:EPCISDocument xmlns:cbvmda="urn:epcglobal:cbv:mda" schemaVersion="2.0" creationDate="2025-10-01T12:26:08+00:00" xmlns:epcis="urn:epcglobal:epcis:xsd:2">
  <EPCISBody>
    <EventList>
      <ObjectEvent>
        <eventTime>2025-09-30T11:30:31+03:00</eventTime>
        <recordTime>10/1/2025 12:26:08 PM</recordTime>
        <eventTimeZoneOffset>+03:00</eventTimeZoneOffset>
        <errorDeclaration>
          <declarationTime>2025-09-30T10:46:20Z</declarationTime>
          <reason>urn:epcglobal:cbv:er:incorrect_data</reason>
          <correctiveEventIDs>
            <correctiveEventID>urn:uuid:f81d4fae-7dec-11d0-a765-00a0c91e6bf6</correctiveEventID>
          </correctiveEventIDs>
        </errorDeclaration>
        <epcList>
          <epc>622300297.0774.2RW9D9VXH8JI30M5GK</epc>
          <epc>622300297.0774.A1ILJRB3H0CH2</epc>
          <epc>622300297.0774.TD0UHWL1AST4FMQFWR</epc>
          <epc>622300297.0774.J79UFNRCFN7F1QR</epc>
          <epc>622300297.0774.WVK9Y4I0Z1OLZN</epc>
        </epcList>
        <action>OBSERVE</action>
        <bizStep>urn:epcglobal:cbv:bizstep:error_declaration</bizStep>
        <disposition>urn:epcglobal:cbv:disp:error</disposition>
        <readPoint>
          <id>urn:epc:id:sgln:622300297.000.0</id>
        </readPoint>
        <bizLocation>
          <id>urn:epc:id:sgln:622300297.000.0</id>
        </bizLocation>
        <ilmd>
          <cbvmda:lotNumber>LOT-ERROR-001</cbvmda:lotNumber>
          <cbvmda:itemExpirationDate>2026-01-15</cbvmda:itemExpirationDate>
        </ilmd>
      </ObjectEvent>
    </EventList>
  </EPCISBody>
</epcis:EPCISDocument>