﻿<?xml version="1.0" encoding="utf-8"?>
<epcis:EPCISDocument xmlns:cbvmda="urn:epcglobal:cbv:mda" schemaVersion="2.0" creationDate="2025-10-01T12:25:25+00:00" xmlns:epcis="urn:epcglobal:epcis:xsd:2">
  <EPCISBody>
    <EventList>
      <ObjectEvent>
        <eventTime>2025-09-30T11:53:12+03:00</eventTime>
        <recordTime>10/1/2025 12:25:25 PM</recordTime>
        <eventTimeZoneOffset>+03:00</eventTimeZoneOffset>
        <epcList>
          <epc>622300297.0774.2RW9D9VXH8JI30M5GK</epc>
          <epc>622300297.0774.A1ILJRB3H0CH2</epc>
          <epc>622300297.0774.TD0UHWL1AST4FMQFWR</epc>
          <epc>622300297.0774.J79UFNRCFN7F1QR</epc>
          <epc>622300297.0774.WVK9Y4I0Z1OLZN</epc>
        </epcList>
        <action>DELETE</action>
        <bizStep>urn:epcglobal:cbv:bizstep:void_shipping</bizStep>
        <disposition>urn:epcglobal:cbv:disp:inactive</disposition>
        <readPoint>
          <id>urn:epc:id:sgln:622300297.000.0</id>
        </readPoint>
        <bizLocation>
          <id>urn:epc:id:sgln:622300297.000.0</id>
        </bizLocation>
        <sourceList>
          <source type="urn:epcglobal:cbv:sdt:owning_party">urn:epc:id:sgln:622300297.000.0</source>
        </sourceList>
        <destinationList>
          <destination type="urn:epcglobal:cbv:sdt:owning_party">urn:epc:id:sgln:622300297.000.0</destination>
        </destinationList>
      </ObjectEvent>
    </EventList>
  </EPCISBody>
</epcis:EPCISDocument>